{
  "has_at_symbol": 0.7107118139083745,
  "subdomain_count": 0.12109478689949517,
  "has_ip_in_url": 0.10609604483887242,
  "domain_age_days": 0.031573584098365304,
  "has_https": 0.013609693109683003,
  "url_length": 0.00982531914817386,
  "hyphen_count": 0.007088757997035878
}