{
  "has_https": 0.7488727535131146,
  "subdomain_count": 0.10885181320489182,
  "hyphen_count": 0.09100789499665629,
  "domain_age_days": 0.02218437429960063,
  "has_ip_in_url": 0.012371895165447294,
  "url_length": 0.009739320001578157,
  "has_at_symbol": 0.0069719488187114185,
  "suspicious_tld": 0.0,
  "domain_has_keywords": 0.0
}